UPC,Available
651866103536,Used
651866103543,Used
651866103550,Used
651866103567,Used
651866103574,Used
651866103581,Used
651866103598,Used
651866103604,Used
651866103611,Used
651866103628,Used
651866103635,Used
651866103642,Used
651866103659,Used
651866103666,Used
651866103673,Used
651866103680,Used
651866103697,Used
651866103703,Used
651866103710,Used
651866103727,Used
651866103734,Used
651866103741,Used
651866103758,Used
651866103765,Used
651866103772,Used
651866103789,Used
651866103796,Used
651866103802,Used
651866103819,Used
651866103826,Used
651866103833,Used
651866103840,Used
651866103857,Used
651866103864,Used
651866103871,Used
651866103888,Used
651866103895,Used
651866103901,Used
651866103918,Used
651866103925,Used
651866103932,Used
651866103949,Used
651866103956,Used
651866103963,Used
651866103970,Used
651866103987,Used
651866103994,Used
651866104007,Used
651866104014,Used
651866104021,Used
651866104038,Used
651866104045,Used
651866104052,Used
651866104069,Used
651866104076,Used
651866104083,Used
651866104090,Used
651866104106,Used
651866104113,Used
651866104120,Used
651866104137,Used
651866104144,Used
651866104151,Used
651866104168,Used
651866104175,Used
651866104182,Used
651866104199,Used
651866104205,Used
651866104212,Used
651866104229,Used
651866104236,Used
651866104243,Used
651866104250,Used
651866104267,Used
651866104274,Used
651866104281,Used
651866104298,Used
651866104304,Used
651866104311,Used
651866104328,Used
651866104335,Used
651866104342,Used
651866104359,Used
651866104366,Used
651866104373,Used
651866104380,Used
651866104397,Used
651866104403,Used
651866104410,Used
651866104427,Used
651866104434,Used
651866104441,Used
651866104458,Used
651866104465,Used
651866104472,Used
651866104489,Used
651866104496,Used
651866104502,Used
651866104519,Used
651866104526,Used
651866104533,Used
651866104540,Used
651866104557,Used
651866104564,Used
651866104571,Used
651866104588,Used
651866104595,Used
651866104601,Used
651866104618,Used
651866104625,Used
651866104632,Used
651866104649,Used
651866104656,Used
651866104663,Used
651866104670,Used
651866104687,Used
651866104694,Used
651866104700,Used
651866104717,Used
651866104724,Used
651866104731,Used
651866104748,Used
651866104755,Used
651866104762,Used
651866104779,Used
651866104786,Used
651866104793,Used
651866104809,Used
651866104816,Used
651866104823,Used
651866104830,Used
651866104847,Used
651866104854,Used
651866104861,Used
651866104878,Used
651866104885,Used
651866104892,Used
651866104908,Used
651866104915,Used
651866104922,Used
651866104939,Used
651866104946,Used
651866104953,Used
651866104960,Used
651866104977,Used
651866104984,Used
651866104991,Used
651866105004,Used
651866105011,Used
651866105028,Used
651866105035,Used
651866105042,Used
651866105059,Used
651866105066,Used
651866105073,Used
651866105080,Used
651866105097,Used
651866105103,Used
651866105110,Used
651866105127,Used
651866105134,Used
651866105141,Used
651866105158,Used
651866105165,Used
651866105172,Used
651866105189,Used
651866105196,Used
651866105202,Used
651866105219,Used
651866105226,Used
651866105233,Used
651866105240,Used
651866105257,Used
651866105264,Used
651866105271,Used
651866105288,Used
651866105295,Used
651866105301,Used
651866105318,Used
651866105325,Used
651866105332,Used
651866105349,Used
651866105356,Used
651866105363,Used
651866105370,Used
651866105387,Used
651866105394,Used
651866105400,Used
651866105417,Used
651866105424,Used
651866105431,Used
651866105448,Used
651866105455,Used
651866105462,Used
651866105479,Used
651866105486,Used
651866105493,Used
651866105509,Used
651866105516,Used
651866105523,Used
651866105530,Used
651866105547,Used
651866105554,Used
651866105561,Used
651866105578,Used
651866105585,Used
651866105592,Used
651866105608,Used
651866105615,Used
651866105622,Used
651866105639,Used
651866105646,Used
651866105653,Used
651866105660,Used
651866105677,Used
651866105684,Used
651866105691,Used
651866105707,Used
651866105714,Used
651866105721,Used
651866105738,Used
651866105745,Used
651866105752,Used
651866105769,Used
651866105776,Used
651866105783,Used
651866105790,Used
651866105806,Used
651866105813,Used
651866105820,Used
651866105837,Used
651866105844,Used
651866105851,Used
651866105868,Used
651866105875,Used
651866105882,Used
651866105899,Used
651866105905,Used
651866105912,Used
651866105929,Used
651866105936,Used
651866105943,Used
651866105950,Used
651866105967,Used
651866105974,Used
651866105981,Used
651866105998,Used
651866106001,Used
651866106018,Used
651866106025,Used
651866106032,Used
651866106049,Used
651866106056,Used
651866106063,Used
651866106070,Used
651866106087,Used
651866106094,Used
651866106100,Used
651866106117,Used
651866106124,Used
651866106131,Used
651866106148,Used
651866106155,Used
651866106162,Used
651866106179,Used
651866106186,Used
651866106193,Used
651866106209,Used
651866106216,Used
651866106223,Used
651866106230,Used
651866106247,Used
651866106254,Used
651866106261,Used
651866106278,Used
651866106285,Used
651866106292,Used
651866106308,Used
651866106315,Used
651866106322,Used
651866106339,Used
651866106346,Used
651866106353,Used
651866106360,Used
651866106377,Used
651866106384,Used
651866106391,Used
651866106407,Used
651866106414,Used
651866106421,Used
651866106438,Used
651866106445,Used
651866106452,Used
651866106469,Used
651866106476,Used
651866106483,Used
651866106490,Used
651866106506,Used
651866106513,Used
651866106520,Used
651866106537,Used
651866106544,Used
651866106551,Used
651866106568,Used
651866106575,Used
651866106582,Used
651866106599,Used
651866106605,Used
651866106612,Used
651866106629,Used
651866106636,Used
651866106643,Used
651866106650,Used
651866106667,Used
651866106674,Used
651866106681,Used
651866106698,Used
651866106704,Used
651866106711,Used
651866106728,Used
651866106735,Used
651866106742,Used
651866106759,Used
651866106766,Used
651866106773,Used
651866106780,Used
651866106797,Used
651866106803,Used
651866106810,Used
651866106827,Used
651866106834,Used
651866106841,Used
651866106858,Used
651866106865,Used
651866106872,Used
651866106889,Used
651866106896,Used
651866106902,Used
651866106919,Used
651866106926,Used
651866106933,Used
651866106940,Used
651866106957,Used
651866106964,Used
651866106971,Used
651866106988,Used
651866106995,Used
651866107008,Used
651866107015,Used
651866107022,Used
651866107039,Used
651866107046,Used
651866107053,Used
651866107060,Used
651866107077,Used
651866107084,Used
651866107091,Used
651866107107,Used
651866107114,Used
651866107121,Used
651866107138,Used
651866107145,Used
651866107152,Used
651866107169,Used
651866107176,Used
651866107183,Used
651866107190,Used
651866107206,Used
651866107213,Used
651866107220,Used
651866107237,Used
651866107244,Used
651866107251,Used
651866107268,Used
651866107275,Used
651866107282,Used
651866107299,Used
651866107305,Used
651866107312,Used
651866107329,Used
651866107336,Used
651866107343,Used
651866107350,Used
651866107367,Used
651866107374,Used
651866107381,Used
651866107398,Used
651866107404,Used
651866107411,Used
651866107428,Used
651866107435,Used
651866107442,Used
651866107459,Used
651866107466,Used
651866107473,Used
651866107480,Used
651866107497,Used
651866107503,Used
651866107510,Used
651866107527,Used
651866107534,Used
651866107541,Used
651866107558,Used
651866107565,Used
651866107572,Used
651866107589,Used
651866107596,Used
651866107602,Used
651866107619,Used
651866107626,Used
651866107633,Used
651866107640,Used
651866107657,Used
651866107664,Used
651866107671,Used
651866107688,Used
651866107695,Used
651866107701,Used
651866107718,Used
651866107725,Used
651866107732,Used
651866107749,Used
651866107756,Used
651866107763,Used
651866107770,Used
651866107787,Used
651866107794,Used
651866107800,Used
651866107817,Used
651866107824,Used
651866107831,Used
651866107848,Used
651866107855,Used
651866107862,Used
651866107879,Used
651866107886,Used
651866107893,Used
651866107909,Used
651866107916,Used
651866107923,Used
651866107930,Used
651866107947,Used
651866107954,Used
651866107961,Used
651866107978,Used
651866107985,Used
651866107992,Used
651866108005,Used
651866108012,Used
651866108029,Used
651866108036,Used
651866108043,Used
651866108050,Used
651866108067,Used
651866108074,Used
651866108081,Used
651866108098,Used
651866108104,Used
651866108111,Used
651866108128,Used
651866108135,Used
651866108142,Used
651866108159,Used
651866108166,Used
651866108173,Used
651866108180,Used
651866108197,Used
651866108203,Used
651866108210,Used
651866108227,Used
651866108234,Used
651866108241,Used
651866108258,Used
651866108265,Used
651866108272,Used
651866108289,Used
651866108296,Used
651866108302,Used
651866108319,Used
651866108326,Used
651866108333,Used
651866108340,Used
651866108357,Used
651866108364,Used
651866108371,Used
651866108388,Used
651866108395,Used
651866108401,Used
651866108418,Used
651866108425,Used
651866108432,Used
651866108449,Used
651866108456,Used
651866108463,Used
651866108470,Used
651866108487,Used
651866108494,Used
651866108500,Used
651866108517,Used
651866108524,Used
651866108531,Used
651866108548,Used
651866108555,Used
651866108562,Used
651866108579,Used
651866108586,Used
651866108593,Used
651866108609,Used
651866108616,Used
651866108623,Used
651866108630,Used
651866108647,Used
651866108654,Used
651866108661,Used
651866108678,Used
651866108685,Used
651866108692,Used
651866108708,Used
651866108715,Used
651866108722,Used
651866108739,Used
651866108746,Used
651866108753,Used
651866108760,Used
651866108777,Used
651866108784,Used
651866108791,Used
651866108807,Used
651866108814,Used
651866108821,Used
651866108838,Used
651866108845,Used
651866108852,Used
651866108869,Used
651866108876,Used
651866108883,Used
651866108890,Used
651866108906,Used
651866108913,Used
651866108920,Used
651866108937,Used
651866108944,Used
651866108951,Used
651866108968,Used
651866108975,Used
651866108982,Used
651866108999,Used
651866109002,Used
651866109019,Used
651866109026,Used
651866109033,Used
651866109040,Used
353265996862,Used
353265996879,Used
353265996886,Used
353265996893,Used
353265996909,Used
353265996916,Used
353265996923,Used
353265996930,Used
353265996947,Used
353265996954,Used
353265996961,Used
353265996978,Used
353265996985,Used
353265996992,Used
353265997005,Used
353265997012,Used
353265997029,Used
353265997036,Used
353265997043,Used
353265997050,Used
353265997067,Used
353265997074,Used
353265997081,Used
353265997098,Used
353265997104,Used
353265997111,Used
353265997128,Used
353265997135,Used
353265997142,Used
353265997159,Used
353265997166,Used
353265997173,Used
353265997180,Used
353265997197,Used
353265997203,Used
353265997210,Used
353265997227,Used
353265997234,Used
353265997241,Used
353265997258,Used
353265997265,Used
353265997272,Used
353265997289,Used
353265997296,Used
353265997302,Used
353265997319,Used
353265997326,Used
353265997333,Used
353265997340,Used
353265997357,Used
353265997364,Used
353265997371,Used
353265997388,Used
353265997395,Used
353265997401,Used
353265997418,Used
353265997425,Used
353265997432,Used
353265997449,Used
353265997456,Used
353265997463,Used
353265997470,Used
353265997487,Used
353265997494,Used
353265997500,Used
353265997517,Used
353265997524,Used
353265997531,Used
353265997548,Used
353265997555,Used
353265997562,Used
353265997579,Used
353265997586,Used
353265997593,Used
353265997609,Used
353265997616,Used
353265997623,Used
353265997630,Used
353265997647,Used
353265997654,Used
353265997661,Used
353265997678,Used
353265997685,Used
353265997692,Used
353265997708,Used
353265997715,Used
353265997722,Used
353265997739,Used
353265997746,Used
353265997753,Used
353265997760,Used
353265997777,Used
353265997784,Used
353265997791,Used
353265997807,Used
353265997814,Used
353265997821,Used
353265997838,Used
353265997845,Used
353265997852,Used
353265997869,Used
353265997876,Used
353265997883,Used
353265997890,Used
353265997906,Used
353265997913,Used
353265997920,Used
353265997937,
353265997944,
353265997951,
353265997968,
353265997975,
353265997982,
353265997999,
353265998002,
353265998019,
353265998026,
353265998033,
353265998040,
353265998057,
353265998064,
353265998071,
353265998088,
353265998095,
353265998101,
353265998118,
353265998125,
353265998132,
353265998149,
353265998156,
353265998163,
353265998170,
353265998187,
353265998194,
353265998200,
353265998217,
353265998224,
353265998231,
353265998248,
353265998255,
353265998262,
353265998279,
353265998286,
353265998293,
353265998309,
353265998316,
353265998323,
353265998330,
353265998347,
353265998354,
353265998361,
353265998378,
353265998385,
353265998392,
353265998408,
353265998415,
353265998422,
353265998439,
353265998446,
353265998453,
353265998460,
353265998477,
353265998484,
353265998491,
353265998507,
353265998514,
353265998521,
353265998538,
353265998545,
353265998552,
353265998569,
353265998576,
353265998583,
353265998590,
353265998606,
353265998613,
353265998620,
353265998637,
353265998644,
353265998651,
353265998668,
353265998675,
353265998682,
353265998699,
353265998705,
353265998712,
353265998729,
353265998736,
353265998743,
353265998750,
353265998767,
353265998774,
353265998781,
353265998798,
353265998804,
353265998811,
353265998828,
353265998835,
353265998842,
353265998859,
353265998866,
353265998873,
353265998880,
353265998897,
353265998903,
353265998910,
353265998927,
353265998934,
353265998941,
353265998958,
353265998965,
353265998972,
353265998989,
353265998996,
353265999009,
353265999016,
353265999023,
353265999030,
353265999047,
353265999054,
353265999061,
353265999078,
353265999085,
353265999092,
353265999108,
353265999115,
353265999122,
353265999139,
353265999146,
353265999153,
353265999160,
353265999177,
353265999184,
353265999191,
353265999207,
353265999214,
353265999221,
353265999238,
353265999245,
353265999252,
353265999269,
353265999276,
353265999283,
353265999290,
353265999306,
353265999313,
353265999320,
353265999337,
353265999344,
353265999351,
353265999368,
353265999375,
353265999382,
353265999399,
353265999405,
353265999412,
353265999429,
353265999436,
353265999443,
353265999450,
353265999467,
353265999474,
353265999481,
353265999498,
353265999504,
353265999511,
353265999528,
353265999535,
353265999542,
353265999559,
353265999566,
353265999573,
353265999580,
353265999597,
353265999603,
353265999610,
353265999627,
353265999634,
353265999641,
353265999658,
353265999665,
353265999672,
353265999689,
353265999696,
353265999702,
353265999719,
353265999726,
353265999733,
353265999740,
353265999757,
353265999764,
353265999771,
353265999788,
353265999795,
353265999801,
353265999818,
353265999825,
353265999832,
353265999849,
353265999856,
353265999863,
353265999870,
353265999887,
353265999894,
353265999900,
353265999917,
353265999924,
353265999931,
353265999948,
353265999955,
353265999962,
353265999979,
353265999986,
353265999993,
